ID,Name,Category,Stock Quantity,Price,Supplier Information
ID-001,Member,Beauty,93,476.63,Foooerguson-Bennett (Contact: 771.766.6609x8463)
ID-002,Prevent,Office Supplies,193,266.25,Morse Harris and Swanson (Contact: (664)620-6837x217); White PLC (Contact: (794)760-6056); Smith-Alexander (Contact: 734.397.9346x18269)
ID-003,Wide,Toys,43,351.58,Medina-Jimenez (Contact: (301)260-8819x72753)
ID-004,Also,Office Supplies,91,23.78,Mann and Sons (Contact: (665)104-7287x564)
ID-005,Same,Electronics,15,435.06,Herrera Pham and Davis (Contact: 120.230.8182x878); Cameron-Martinez (Contact: (373)704-0755x572); Horn and Sons (Contact: (113)229-9607x579)
ID-006,Science,Clothing,53,412.58,Myers-Kirby (Contact: (718)778-0670x695); Bryant and Sons (Contact: 001-251-687-5560); Vega and Sons (Contact: 3526094553)
ID-007,According,Beauty,37,392.26,Estes Inc (Contact: 300-778-5707x489)
ID-008,Minute,Health,182,126.05,Campbell-Hamilton (Contact: 3166841315); Good Ltd (Contact: 448-685-1146x8815); Mcclain Smith and Robinson (Contact: 915-479-5758x67422)
ID-009,Foreign,Books,131,294.91,Kelly Mckenzie and Cruz (Contact: +1-672-832-0837x12426); Robinson Group (Contact: 956-274-4020)
ID-010,Challenge,Clothing,29,437.5,Wolfe-Tanner (Contact: 252-842-4775x91044)
ID-011,Professional,Toys,140,329.64,Ashley-Jackson (Contact: 001-682-471-1816)
ID-012,Appear,Toys,77,81.33,Underwood Lewis and Smith (Contact: 709.455.1999); Jordan Cooper and Ball (Contact: 001-372-349-9036x03837)
ID-013,Make,Clothing,47,122.06,Stokes-Parrish (Contact: 9131542983); Silva Nunez and Figueroa (Contact: 001-298-017-4025x122); Boyd Group (Contact: +1-676-083-7471x17888)
ID-014,Story,Office Supplies,4,273.87,Smith Lewis and Barton (Contact: 075-233-1741x9777); Frederick Hernandez and Matthews (Contact: (994)799-2971x128); Jimenez PLC (Contact: 706-260-4308x88798)
ID-015,Sort,Clothing,92,290.36,Price Group (Contact: +1-035-583-3396x767); Mcfarland-Padilla (Contact: 298-005-8734x0691); Reid-Smith (Contact: 154.253.4766x3465)
ID-016,Again,Furniture,81,135.61,Harvey-Bell (Contact: 006.910.0420x81189)
ID-017,All,Groceries,192,181.28,Cook Bates and Jones (Contact: 001-743-038-2724); Holland Shaw and Green (Contact: 001-814-959-7149x33280)
ID-018,Question,Furniture,175,18.38,Ruiz Ltd (Contact: (792)796-5895x066); Willis Ellis and Mccoy (Contact: +1-321-247-6394)
ID-019,Chair,Sports,174,220.27,Green Fletcher and Young (Contact: +1-737-758-6160); Sullivan LLC (Contact: (506)735-5813)
ID-020,Factor,Clothing,128,136.48,Garrett Inc (Contact: +1-937-479-3270); Wright Randolph and Lee (Contact: +1-862-842-2177x941)
ID-021,Half,Books,100,217.43,Vaughn-Welch (Contact: 407.368.2361x7315); Mcpherson-Garcia (Contact: +1-197-386-7824x44811); Shea Morris and Rush (Contact: 0118939170)
ID-022,Wear,Toys,165,101.29,Wu-Greer (Contact: 052.359.1398x819)
ID-023,School,Toys,76,443.16,Martin Thompson and Edwards (Contact: +1-697-883-9120x32943); Simmons-Roberts (Contact: 001-325-756-5859x79106); Osborn-Todd (Contact: (092)453-1091x7440)
ID-024,Far,Books,146,422.24,Harvey-Fisher (Contact: (177)772-1744)
ID-025,Team,Groceries,154,52.53,Walsh-Maddox (Contact: 054.609.0699); Gonzalez Ltd (Contact: 9353660035); Lambert-Carter (Contact: 381-662-2525x77363)
ID-026,Off,Electronics,170,278.95,Smith PLC (Contact: 218-296-7340x4880)
ID-027,High,Toys,200,497.04,Fields Olson and Olson (Contact: 853.480.1361); Moore Inc (Contact: (628)141-4445); Jacobson-Moore (Contact: 165-235-6436)
ID-028,Individual,Groceries,33,270.51,Wright-Rodriguez (Contact: 823.454.0534); Cortez Johnson and Cervantes (Contact: 494.394.2936x02649); Parker Sandoval and Baker (Contact: 714-515-3123x918)
ID-029,Since,Books,59,377.09,Gonzalez-Williams (Contact: 6129628946); Blake-Jackson (Contact: 796.391.4334); Maddox-Lane (Contact: 833-522-0499)
ID-030,Culture,Books,7,467.11,Zuniga-White (Contact: 106.441.1961x854); Henderson and Sons (Contact: 001-986-075-0414x374); Miller-Owens (Contact: 806.495.5124)
ID-031,Bill,Beauty,60,286.09,Smith White and Francis (Contact: 001-063-431-8408x711)
ID-032,Will,Furniture,86,287.66,Jennings Ltd (Contact: +1-726-055-8243); Coleman James and Cox (Contact: (915)526-1103)
ID-033,Specific,Furniture,185,20.64,Jackson Wilson and Wagner (Contact: 730-283-1254x71145)
ID-034,According,Books,68,207.93,Keller Group (Contact: +1-592-538-9161); King Bennett and Hall (Contact: 001-987-749-0784x898); Phelps-Bell (Contact: 001-895-930-8593x5847)
ID-035,Ten,Electronics,165,468.04,Hughes Wright and Davis (Contact: 993.204.8592); Holland Group (Contact: +1-548-577-0798x201)
ID-036,Serve,Sports,62,498.71,Cox LLC (Contact: 839-136-0557x79578)
ID-037,My,Electronics,119,362.8,Olsen and Sons (Contact: +1-839-146-1496)
ID-038,Most,Clothing,69,259.95,Hunt-Wright (Contact: 001-130-310-5683x8507); Reed Ltd (Contact: +1-262-815-2516x419)
ID-039,Describe,Toys,95,362.11,Ward White and Higgins (Contact: 860-918-1966); Rodriguez Rodgers and Pena (Contact: +1-720-209-8280x1031)
ID-040,Scientist,Sports,103,71.19,Cordova Jones and James (Contact: 001-912-654-1840x397); White Group (Contact: 001-459-535-1529x564); Pearson-Giles (Contact: (751)042-5949x794)
ID-041,Growth,Groceries,29,484.09,Harper Kent and Black (Contact: 503.531.6736x21773); Adams LLC (Contact: 001-134-918-7353); Chan Scott and Sanders (Contact: +1-546-440-4222x860)
ID-042,Everything,Books,76,92.31,Hunt Flores and Valdez (Contact: +1-725-324-2086x236); Woodard-Garza (Contact: 001-339-561-4884x7862); Pittman and Sons (Contact: 357-505-3643)
ID-043,Perform,Health,156,6.34,Ramos-Sexton (Contact: 383-840-1196); Webb-Jones (Contact: (156)629-9483); Martinez Ltd (Contact: 526-931-5611)
ID-044,For,Beauty,3,441.06,Jackson-Washington (Contact: 735-625-9586x36050); Perez Winters and Rasmussen (Contact: 773-685-9855x88615)
ID-045,Thus,Health,19,227,Bell-Hoffman (Contact: 001-111-947-9744x784)
ID-046,Board,Groceries,125,130.45,Li Inc (Contact: 4418031056); Osborne Inc (Contact: +1-103-201-4181); Grant-Ford (Contact: 719-933-7521x3258)
ID-047,Entire,Furniture,101,77.28,Robertson Valdez and Davis (Contact: 001-589-145-4299); Wood-Johnson (Contact: 001-327-800-0821x721); Perry Taylor and Ray (Contact: 001-328-114-9389x95334)
ID-048,Eye,Office Supplies,17,423.23,Douglas-Hawkins (Contact: 978.253.1784); Castillo Martinez and Bishop (Contact: +1-742-235-6157); Miller PLC (Contact: +1-793-337-7723x712)
ID-049,View,Toys,112,417.52,Yu-Johnson (Contact: 322.417.1923)
ID-050,Small,Toys,126,451.87,Ward-Turner (Contact: 113-648-3738)
ID-051,Plant,Clothing,86,100.79,Welch Hartman and Ward (Contact: +1-191-721-7884x163); Harrison-Williams (Contact: +1-960-596-3223x273); Martin Hernandez and Cole (Contact: +1-959-682-3348x969)
ID-052,Hit,Furniture,38,77.27,Thornton Hancock and Jones (Contact: +1-709-883-0230x55955); Watson Group (Contact: 800.725.8501x86395)
ID-053,Have,Toys,123,314.77,Adams-Gonzalez (Contact: 001-186-077-8689x776); Shaw LLC (Contact: +1-075-047-4021)
ID-054,Different,Office Supplies,113,37.8,Fleming Brown and Cortez (Contact: 5994003932); Lee Orozco and Walker (Contact: +1-293-177-9349x7576)
ID-055,Material,Health,183,487.68,Barry Williams and Reed (Contact: 001-852-004-2171x0171); Ortega Ltd (Contact: 436-061-1564x372); Klein Clay and Williams (Contact: 014-847-1748)
ID-056,Police,Sports,6,173.83,Moody-Robinson (Contact: +1-473-645-0284x419); Perez Cruz and Lopez (Contact: 358.588.0091x00711); Torres PLC (Contact: +1-776-655-2682)
ID-057,Think,Groceries,78,196.02,Blake Group (Contact: 063.103.2913)
ID-058,Season,Health,42,355.51,Smith Roberts and Sanders (Contact: 820.508.9302x17162); Cook and Sons (Contact: 001-167-087-7801)
ID-059,Budget,Books,133,368.69,Ramirez LLC (Contact: +1-487-235-4187x7841); Wilson Johnson and Mora (Contact: (323)316-9538); Phillips Lopez and Coffey (Contact: 939-563-4780x9649)
ID-060,Avoid,Sports,179,112.7,Simpson LLC (Contact: 760.594.4389x197); Bowers Group (Contact: 227-381-5456); Mason Group (Contact: (841)454-9822)
ID-061,Throughout,Groceries,167,345.78,Boyd PLC (Contact: 1513822094)
ID-062,Involve,Office Supplies,77,324.79,Welch-Mendoza (Contact: +1-756-258-0074x8643); Kane LLC (Contact: 065-322-8170x711); Livingston Nunez and Parker (Contact: 907.791.3177x5979)
ID-063,Matter,Toys,103,95.11,Munoz Clark and Bennett (Contact: 642-256-6589)
ID-064,You,Toys,23,283.43,Anderson Torres and Hancock (Contact: 114-215-1339x565)
ID-065,Section,Toys,181,367.35,Camacho George and Pearson (Contact: (226)691-4085x5230); Lopez Jones and Fitzpatrick (Contact: (815)198-9439x8495); Garcia Moore and Smith (Contact: 001-920-332-8849)
ID-066,New,Electronics,59,275.21,Meadows-Marshall (Contact: (378)843-7280x18461); Foster-Harding (Contact: +1-637-012-8414x4852)
ID-067,Car,Furniture,92,423.14,Garcia PLC (Contact: +1-873-355-7085x5189); Torres Johnson and Bush (Contact: +1-091-480-7213)
ID-068,Create,Furniture,187,10.18,Sanchez-Reed (Contact: 378.878.0877); Frank Ltd (Contact: 001-754-396-8012x2282); Fernandez-Miranda (Contact: (569)561-3621x7872)
ID-069,Him,Furniture,104,460.8,Mcdaniel-Rogers (Contact: 001-394-078-7217x77217); Williamson and Sons (Contact: 717-157-7628)
ID-070,Through,Beauty,36,329.37,West-Mcpherson (Contact: (308)187-0318x721); Cobb Group (Contact: 566.325.8662x93686)
ID-071,Design,Beauty,26,22.4,Moore Lewis and Arroyo (Contact: 282-476-9321x129); Potter Harris and Bridges (Contact: 718.717.5535x08001); Fuentes Thompson and Williams (Contact: +1-380-576-4302x386)
ID-072,The,Sports,21,256.84,Sanchez Group (Contact: 2813309797)
ID-073,Budget,Groceries,97,415.29,Jackson-Reid (Contact: 121-769-5135x7382); Espinoza-Harrison (Contact: 665-031-9348x53431); Hutchinson-George (Contact: 615.906.3680)
ID-074,Near,Office Supplies,35,241.15,Weaver Group (Contact: 9008614703); Delgado Davis and Brown (Contact: 269.958.2559); Hickman Group (Contact: (851)042-6739)
ID-075,Five,Health,1,111.15,Torres PLC (Contact: +1-018-644-3156x761)
ID-076,Design,Clothing,121,325.42,Stone Carr and Clark (Contact: +1-761-055-8834x6280); Yang-Craig (Contact: (757)146-7133)
ID-077,Have,Beauty,72,20.3,Diaz Acevedo and Farmer (Contact: 5212448301); Park Bryan and Bauer (Contact: (284)394-7563); Harris-Hernandez (Contact: 413.401.4936x038)
ID-078,Citizen,Groceries,83,190.43,Hawkins Ali and Wood (Contact: 001-809-165-2571)
ID-079,Modern,Furniture,136,222.85,Martinez Nielsen and Lee (Contact: 370.255.6050); Carr PLC (Contact: 704.902.4391x87378); Silva-Bowman (Contact: 130.897.2901x8403)
ID-080,Election,Sports,185,405.34,Frye Carlson and Simpson (Contact: 770.640.3282x951); May Allen and Lee (Contact: 018.820.8344x137)
ID-081,Data,Sports,10,32.95,Cook Group (Contact: 292.178.5006x479)
ID-082,Agree,Office Supplies,101,27.01,Wise PLC (Contact: 046-610-8542x7234); Robinson Smith and White (Contact: (409)470-9107)
ID-083,Local,Clothing,58,268.82,Ramsey Glenn and Caldwell (Contact: +1-066-282-8688x386); Frederick Silva and Norris (Contact: 001-783-949-4307x0579); Smith-Tucker (Contact: 001-704-308-6105x478)
ID-084,Center,Groceries,53,231.37,Deleon and Sons (Contact: 544.950.8675x1719); Webster LLC (Contact: 724.634.3363)
ID-085,Pick,Books,43,225.22,Brooks PLC (Contact: (561)263-4737)
ID-086,Positive,Beauty,23,293.93,Young LLC (Contact: 001-239-415-6067x01974); Simpson LLC (Contact: 001-167-114-2358x041); Tanner Inc (Contact: +1-771-356-8824x7225)
ID-087,Great,Office Supplies,182,191.3,Haynes LLC (Contact: 536.045.6987x038); Walker PLC (Contact: 487.501.7649); Phillips-Barber (Contact: 001-333-669-9593x9263)
ID-088,Team,Clothing,190,498.84,Daniel-Hicks (Contact: 1983733253); Walker-Stewart (Contact: 9133368881); Hudson-Austin (Contact: 975-855-4264x80187)
ID-089,Seven,Groceries,75,108.49,Webb Malone and Warner (Contact: (826)008-1826x54319)
ID-090,Area,Clothing,38,282.07,Davis-Anderson (Contact: +1-140-251-1704x077)
ID-091,One,Clothing,10,193.34,Gray-Wiley (Contact: 474.458.6782); Phillips-Hill (Contact: +1-785-173-5663x24400)
ID-092,Choose,Beauty,28,436.19,Hicks Branch and Lam (Contact: 194.961.6785x487); Thomas Gutierrez and Bryant (Contact: 301.587.0166x86597)
ID-093,Although,Toys,121,246.06,Hughes-Rodriguez (Contact: 001-988-908-7160x54979); Christian-Jones (Contact: 001-765-016-6469)
ID-094,Rise,Office Supplies,32,113.57,Gregory Case and Rodriguez (Contact: 001-509-160-0453); Odom and Sons (Contact: 266.002.1734x15658)
ID-095,Production,Clothing,123,476.92,Morgan Wilson and Barnes (Contact: (865)014-4818x87116)
ID-096,Politics,Clothing,22,360.42,Anderson-Watson (Contact: 569.729.7253); Adams-Jones (Contact: (769)938-1081); Alvarez PLC (Contact: 949.774.9757)
ID-097,Animal,Office Supplies,82,443.58,Wilkerson Whitaker and Jones (Contact: +1-320-800-8402x10462); Nelson and Sons (Contact: 001-041-958-4064x44498); Gallagher and Sons (Contact: (956)610-3340)
ID-098,Environment,Sports,15,454.52,Baker-Kim (Contact: 562.754.9089x9518)
ID-099,Choice,Sports,156,241.27,Jenkins Lawrence and Wise (Contact: +1-091-573-7675x342); Cunningham-Beck (Contact: (722)381-2037x4710); Green Smith and Newton (Contact: 001-435-674-8018x0040)
ID-100,Development,Toys,22,331.78,Blackwell Rivera and Donaldson (Contact: 778-943-6262); Mcgee Chang and Leblanc (Contact: 991.132.3640); Dixon Inc (Contact: (596)114-1002x17815)ID-001,Member,Beauty,93,476.63,Foooerguson-Bennett (Contact: 771.766.6609x8463)
